RK,TIER,PLAYER NAME,POS,TEAM,BYE,ADP,PROJ
1,,Jahmyr Gibbs,RB,DET,,,
2,,Bijan Robinson,RB,ATL,,,
3,,Ja'Marr Chase,WR,CIN,,,
4,,Josh Allen,QB,BUF,,,
5,,Jonathan Taylor,RB,IND,,,
6,,Puka Nacua,WR,LAR,,,
7,,Christian McCaffrey,RB,SF,,,
8,,James Cook,RB,BUF,,,
9,,Jaxon Smith-Njigba,WR,SEA,,,
10,,Derrick Henry,RB,BAL,,,
11,,Drake Maye,QB,NE,,,
12,,Amon-Ra St. Brown,WR,DET,,,
13,,De'Von Achane,RB,MIA,,,
14,,CeeDee Lamb,WR,DAL,,,
15,,Saquon Barkley,RB,PHI,,,
16,,Lamar Jackson,QB,BAL,,,
17,,Justin Jefferson,WR,MIN,,,
18,,Omarion Hampton,RB,LAC,,,
19,,Ashton Jeanty,RB,LV,,,
20,,Kyren Williams,RB,LAR,,,
21,,Joe Burrow,QB,CIN,,,
22,,Jeremiyah Love,RB,ARI,,,
23,,Drake London,WR,ATL,,,
24,,Kenneth Walker,RB,KC,,,
25,,Chase Brown,RB,CIN,,,
26,,Jayden Daniels,QB,WAS,,,
27,,A.J. Brown,WR,NE,,,
28,,Caleb Williams,QB,CHI,,,
29,,Josh Jacobs,RB,GB,,,
30,,Brock Bowers,TE,LV,,,
31,,Trey McBride,TE,ARI,,,
32,,Nico Collins,WR,HOU,,,
33,,George Pickens,WR,DAL,,,
34,,Breece Hall,RB,NYJ,,,
35,,Malik Nabers,WR,NYG,,,
36,,Justin Herbert,QB,LAC,,,
37,,Jalen Hurts,QB,PHI,,,
38,,Rashee Rice,WR,KC,,,
39,,Chris Olave,WR,NO,,,
40,,Javonte Williams,RB,DAL,,,
41,,Bucky Irving,RB,TB,,,
42,,Tee Higgins,WR,CIN,,,
43,,Travis Etienne,RB,NO,,,
44,,DeVonta Smith,WR,PHI,,,
45,,Tetairoa McMillan,WR,CAR,,,
46,,Jaxson Dart,QB,NYG,,,
47,,Colston Loveland,TE,CHI,,,
48,,Cam Skattebo,RB,NYG,,,
49,,Patrick Mahomes,QB,KC,,,
50,,Trevor Lawrence,QB,JAX,,,
51,,Garrett Wilson,WR,NYJ,,,
52,,Ladd McConkey,WR,LAC,,,
53,,TreVeyon Henderson,RB,NE,,,
54,,Emeka Egbuka,WR,TB,,,
55,,Luther Burden,WR,CHI,,,
56,,Zay Flowers,WR,BAL,,,
57,,Bo Nix,QB,DEN,,,
58,,Dak Prescott,QB,DAL,,,
59,,Jaylen Waddle,WR,DEN,,,
60,,Bhayshul Tuten,RB,JAX,,,
61,,Quinshon Judkins,RB,CLE,,,
62,,Davante Adams,WR,LAR,,,
63,,David Montgomery,RB,HOU,,,
64,,D'Andre Swift,RB,CHI,,,
65,,Tyler Warren,TE,IND,,,
66,,Brock Purdy,QB,SF,,,
67,,Jaylen Warren,RB,PIT,,,
68,,Jameson Williams,WR,DET,,,
69,,Terry McLaurin,WR,WAS,,,
70,,DJ Moore,WR,BUF,,,
71,,RJ Harvey,RB,DEN,,,
72,,Rhamondre Stevenson,RB,NE,,,
73,,Jadarian Price,RB,SEA,,,
74,,Mike Evans,WR,SF,,,
75,,Sam LaPorta,TE,DET,,,
76,,Kyle Monangai,RB,CHI,,,
77,,Carnell Tate,WR,TEN,,,
78,,Jordyn Tyson,WR,NO,,,
79,,Tony Pollard,RB,TEN,,,
80,,Jordan Love,QB,GB,,,
81,,Tucker Kraft,TE,GB,,,
82,,Rome Odunze,WR,CHI,,,
83,,Harold Fannin,TE,CLE,,,
84,,Jared Goff,QB,DET,,,
85,,Christian Watson,WR,GB,,,
86,,Rico Dowdle,RB,PIT,,,
87,,Chuba Hubbard,RB,CAR,,,
88,,J.K. Dobbins,RB,DEN,,,
89,,Blake Corum,RB,LAR,,,
90,,Kyle Pitts,TE,ATL,,,
91,,Baker Mayfield,QB,TB,,,
92,,Brian Thomas,WR,JAX,,,
93,,Courtland Sutton,WR,DEN,,,
94,,Parker Washington,WR,JAX,,,
95,,DK Metcalf,WR,PIT,,,
96,,Marvin Harrison,WR,ARI,,,
97,,Matthew Stafford,QB,LAR,,,
98,,Michael Wilson,WR,ARI,,,
99,,Jakobi Meyers,WR,JAX,,,
100,,Brian Robinson,RB,ATL,,,
101,,Dalton Kincaid,TE,BUF,,,
102,,Oronde Gadsden,TE,LAC,,,
103,,Aaron Jones,RB,MIN,,,
104,,Tyler Shough,QB,NO,,,
105,,Kenny Gainwell,RB,TB,,,
106,,Makai Lemon,WR,PHI,,,
107,,George Kittle,TE,SF,,,
108,,Fernando Mendoza,QB,LV,,,
109,,Chris Godwin,WR,TB,,,
110,,Jonathon Brooks,RB,CAR,,,
111,,Tyler Allgeier,RB,ARI,,,
112,,Sam Darnold,QB,SEA,,,
113,,Hunter Henry,TE,NE,,,
114,,James Conner,RB,ARI,,,
115,,Travis Kelce,TE,KC,,,
116,,Kyler Murray,QB,MIN,,,
117,,Dallas Goedert,TE,PHI,,,
118,,Alec Pierce,WR,IND,,,
119,,Jacory Croskey-Merritt,RB,WAS,,,
120,,Mark Andrews,TE,BAL,,,
121,,Cam Ward,QB,TEN,,,
122,,Jake Ferguson,TE,DAL,,,
123,,Dalton Schultz,TE,HOU,,,
124,,C.J. Stroud,QB,HOU,,,
125,,Jordan Addison,WR,MIN,,,
126,,Jordan Mason,RB,MIN,,,
127,,Michael Pittman,WR,PIT,,,
128,,Zach Charbonnet,RB,SEA,,,
129,,Jayden Reed,WR,GB,,,
130,,Juwan Johnson,TE,NO,,,
131,,Brenton Strange,TE,JAX,,,
132,,Wan'Dale Robinson,WR,TEN,,,
133,,Woody Marks,RB,HOU,,,
134,,Quentin Johnston,WR,LAC,,,
135,,Josh Downs,WR,IND,,,
136,,Kenyon Sadiq,TE,NYJ,,,
137,,Isaiah Likely,TE,NYG,,,
138,,Tyrone Tracy,RB,NYG,,,
139,,Stefon Diggs,WR,WAS,,,
140,,Travis Hunter,WR,JAX,,,
141,,Emmett Johnson,RB,KC,,,
142,,KC Concepcion,WR,CLE,,,
143,,Malik Willis,QB,MIA,,,
144,,Romeo Doubs,WR,NE,,,
145,,Jonah Coleman,RB,DEN,,,
146,,Alvin Kamara,RB,NO,,,
147,,Rachaad White,RB,WAS,,,
148,,Khalil Shakir,WR,BUF,,,
149,,Bryce Young,QB,CAR,,,
150,,Tyjae Spears,RB,TEN,,,
151,,Xavier Worthy,WR,KC,,,
152,,Matthew Golden,WR,GB,,,
153,,Jauan Jennings,WR,MIN,,,
154,,De'Zhaun Stribling,WR,SF,,,
155,,AJ Barner,TE,SEA,,,
156,,T.J. Hockenson,TE,MIN,,,
157,,Chris Rodriguez,RB,JAX,,,
158,,Daniel Jones,QB,IND,,,
159,,Dylan Sampson,RB,CLE,,,
160,,David Njoku,TE,LAC,,,
161,,Deebo Samuel,WR,SF,,,
162,,Jalen Coker,WR,CAR,,,
163,,Braelon Allen,RB,NYJ,,,
164,,Colby Parkinson,TE,LAR,,,
165,,Chig Okonkwo,TE,WAS,,,
166,,Mason Taylor,TE,NYJ,,,
167,,Mike Washington,RB,LV,,,
168,,Eli Stowers,TE,PHI,,,
169,,Kimani Vidal,RB,LAC,,,
170,,Terrance Ferguson,TE,LAR,,,
171,,Theo Johnson,TE,NYG,,,
172,,Rashid Shaheed,WR,SEA,,,
173,,Tank Bigsby,RB,PHI,,,
174,,Cade Otton,TE,TB,,,
175,,Keaton Mitchell,RB,LAC,,,
176,,Isiah Pacheco,RB,DET,,,
177,,Omar Cooper,WR,NYJ,,,
178,,Gunnar Helm,TE,TEN,,,
179,,Denzel Boston,WR,CLE,,,
180,,Sean Tucker,RB,TB,,,
181,,Antonio Williams,WR,WAS,,,
182,,Ja'Kobi Lane,WR,BAL,,,
183,,Kaytron Allen,RB,WAS,,,
184,,Jerry Jeudy,WR,CLE,,,
185,,MarShawn Lloyd,RB,GB,,,
186,,Emanuel Wilson,RB,SEA,,,
187,,Adonai Mitchell,WR,NYJ,,,
188,,Kayshon Boutte,WR,HOU,,,
189,,Jalen McMillan,WR,TB,,,
190,,Jalen Nailor,WR,LV,,,
191,,Ray Davis,RB,BUF,,,
192,,Nicholas Singleton,RB,TEN,,,
193,,Devin Neal,RB,NO,,,
194,,Najee Harris,RB,NYG,,,
195,,Troy Franklin,WR,DEN,,,
196,,Pat Bryant,WR,DEN,,,
197,,Cyrus Allen,WR,KC,,,
198,,Malik Washington,WR,MIA,,,
199,,Kaleb Johnson,RB,PIT,,,
200,,Jaylen Wright,RB,MIA,,,
201,,Brandon Aubrey,K,DAL,,,
202,,Cameron Dicker,K,LAC,,,
203,,Jason Myers,K,SEA,,,
204,,Ka'imi Fairbairn,K,HOU,,,
205,,Cam Little,K,JAX,,,
206,,Jake Bates,K,DET,,,
207,,Harrison Mevis,K,LAR,,,
208,,Tyler Loop,K,BAL,,,
209,,Chris Boswell,K,PIT,,,
210,,Harrison Butker,K,KC,,,
211,,Andy Borregales,K,NE,,,
212,,Evan McPherson,K,CIN,,,
213,,Will Reichard,K,MIN,,,
214,,Eddy Pineiro,K,SF,,,
215,,Wil Lutz,K,DEN,,,
216,,Cairo Santos,K,CHI,,,
217,,Chase McLaughlin,K,TB,,,
218,,Trey Smack,K,GB,,,
219,,Jake Elliott,K,PHI,,,
220,,Matt Gay,K,LV,,,
221,,Arizona Cardinals,DEF,ARI,,,
222,,Atlanta Falcons,DEF,ATL,,,
223,,Baltimore Ravens,DEF,BAL,,,
224,,Buffalo Bills,DEF,BUF,,,
225,,Carolina Panthers,DEF,CAR,,,
226,,Chicago Bears,DEF,CHI,,,
227,,Cincinnati Bengals,DEF,CIN,,,
228,,Cleveland Browns,DEF,CLE,,,
229,,Dallas Cowboys,DEF,DAL,,,
230,,Denver Broncos,DEF,DEN,,,
231,,Detroit Lions,DEF,DET,,,
232,,Green Bay Packers,DEF,GB,,,
233,,Houston Texans,DEF,HOU,,,
234,,Indianapolis Colts,DEF,IND,,,
235,,Jacksonville Jaguars,DEF,JAX,,,
236,,Kansas City Chiefs,DEF,KC,,,
237,,Las Vegas Raiders,DEF,LV,,,
238,,Los Angeles Chargers,DEF,LAC,,,
239,,Los Angeles Rams,DEF,LAR,,,
240,,Miami Dolphins,DEF,MIA,,,
241,,Minnesota Vikings,DEF,MIN,,,
242,,New England Patriots,DEF,NE,,,
243,,New Orleans Saints,DEF,NO,,,
244,,New York Giants,DEF,NYG,,,
245,,New York Jets,DEF,NYJ,,,
246,,Philadelphia Eagles,DEF,PHI,,,
247,,Pittsburgh Steelers,DEF,PIT,,,
248,,San Francisco 49ers,DEF,SF,,,
249,,Seattle Seahawks,DEF,SEA,,,
250,,Tampa Bay Buccaneers,DEF,TB,,,
251,,Tennessee Titans,DEF,TEN,,,
252,,Washington Commanders,DEF,WAS,,,
